"Company Name","Pricing Date","ALBERTA","MANITOBA","NEW BRUNSWICK","NOVA SCOTIA","ONTARIO","QUEBEC","SASKATCHEWAN","VANCOUVER RACK","NANAIMO","PRINCE GEROGE RACK","KAMLOOPS RACK","BAINSVILLE","BELMONT","CARDINAL","COCHRANE","CORNWALL","DRYDEN","DUNVEGAN","FORT FRANCES","HAWKESBURY","INGERSOLL","JOYCEVILLE","KINGSTON","NIPIGON","NORTH BAY","ROSSLYN","SAULT STE MARIE","SIOUX LOOKOUT","SPENCERVILLE","THESSALON","THUNDER BAY","WAWA","WHITE RIVER","WOODSTOCK","WINDSOR"
"St. Anthony Transport","2023-11-09","0.17","0.18","0.06","0.06","0.068","0.06","0.17","0.1","0.09","0.17","0.18","0.055","0.06","0.055","0.05","0.055","0.19","0.055","0.17","0.055","0.06","0.065","0.065","0.17","0.06","0.17","0.06","0.17","0.055","0.06","0.17","0.17","0.17","0.06","0.075"
"St. Anthony Transport","2023-11-08","0.17","0.18","0.06","0.06","0.068","0.06","0.17","0.1","0.09","0.17","0.18","0.055","0.06","0.055","0.05","0.055","0.19","0.055","0.17","0.055","0.06","0.065","0.065","0.17","0.06","0.17","0.06","0.17","0.055","0.06","0.17","0.17","0.17","0.06","0.075"
"St. Anthony Transport","2023-11-03","0.09","0.09","0.05","0.05","0.068","0.05","0.09","0.1","0.08","0.09","0.095","0.055","0.06","0.055","0.05","0.055","0.11","0.055","0.09","0.055","0.06","0.07","0.07","0.09","-0.01","0.09","0.06","0.09","0.055","0.06","0.09","0.09","0.09","0.06","0.07"
"St. Anthony Transport","2023-11-02","0.11","0.125","0.055","0.055","0.068","0.055","0.115","0.095","0.07","0.115","0.12","0.06","0.06","0.06","0.05","0.06","0.135","0.06","0.11","0.06","0.06","0.068","0.068","0.11","0.065","0.11","0.065","0.11","0.06","0.065","0.11","0.11","0.11","0.06","0.075"
"St. Anthony Transport","2023-11-01","0.075","0.085","0.055","0.055","0.06","0.055","0.075","0.085","0.07","0.08","0.08","0.05","0.05","0.05","0.05","0.05","0.09","0.05","0.07","0.05","0.05","0.06","0.06","0.07","0.055","0.07","0.055","0.07","0.05","0.055","0.07","0.07","0.07","0.05","0.065"
"St. Anthony Transport","2023-10-31","0.1","0.115","0.07","0.07","0.077","0.07","0.105","0.115","0.095","0.09","0.105","0.065","0.07","0.065","0.055","0.065","0.125","0.065","0.1","0.065","0.07","0.08","0.08","0.105","0.07","0.1","0.075","0.1","0.065","0.075","0.1","0.1","0.1","0.07","0.085"
"St. Anthony Transport","2023-10-30","0.095","0.11","0.068","0.068","0.075","0.068","0.0975","0.1","0.085","0.095","0.1","0.065","0.07","0.065","0.055","0.065","0.12","0.065","0.095","0.065","0.07","0.075","0.075","0.1","0.07","0.095","0.07","0.095","0.065","0.07","0.095","0.095","0.095","0.07","0.0825"
"St. Anthony Transport","2023-10-29","0.095","0.11","0.068","0.068","0.075","0.068","0.0975","0.1","0.085","0.095","0.1","0.065","0.07","0.065","0.055","0.065","0.12","0.065","0.095","0.065","0.07","0.075","0.075","0.1","0.07","0.095","0.07","0.095","0.065","0.07","0.095","0.095","0.095","0.07","0.0825"
"St. Anthony Transport","2023-10-23","0.135","0.15","0.06","0.06","0.07","0.06","0.135","0.11","0.095","0.14","0.14","0.06","0.07","0.06","0.05","0.06","0.14","0.06","0.12","0.06","0.07","0.07","0.07","0.12","0.07","0.12","0.07","0.12","0.06","0.07","0.12","0.12","0.12","0.07","0.075"
